,26_08_2016,,,,2_09_2016,,,,6_9_206,,,,9_9_2016,,,,23_9_2016,,,,27_9_2016,,,,7_10_2016,,,,11_10_2016,,,,14_10_2016,,,,21_10_2016,,,,24_10_2016,,,,28_10_2016,,,,1_11_2016,,,,4_11_2016,,,,8_11_2016,,,,11_11_2016,,,,15_11_2016,,,,18_11_2016,,,,25_11_2016,,,,29_11_2016,,,,2_12_2016,,,
,XSW,XNW,XNE,XSE,XSW,XNW,XNE,XSE,XSW,XNW,XNE,XSE,XSW,XNW,XNE,XSE,XSW,XNW,XNE,XSE,XSW,XNW,XNE,XSE,XSW,XNW,XNE,XSE,XSW,XNW,XNE,XSE,XSW,XNW,XNE,XSE,XSW,XNW,XNE,XSE,XSW,XNW,XNE,XSE,XSW,XNW,XNE,XSE,XSW,XNW,XNE,XSE,XSW,XNW,XNE,XSE,XSW,XNW,XNE,XSE,XSW,XNW,XNE,XSE,XSW,XNW,XNE,XSE,XSW,XNW,XNE,XSE,XSW,XNW,XNE,XSE,XSW,XNW,XNE,XSE,XSW,XNW,XNE,XSE
1,1124,1003,4766,4828,903,830,4705,4685,867.3008371,807.3709576,4755.477498,4726.226615,745.9086201,860.8260295,4932.346173,4875.707293,645.6998068,848.8254508,4702.760259,4588.858096,766.6653434,881.9280354,4670.916126,4667.530619,748.3634803,930.470568,4670.558414,4617.487236,834.2187754,1036.05289,4771,4771,1010.741401,1085.897773,4868.023723,4829.130125,934.2373034,1115.178918,4924.835063,4864.538546,891.6693136,994.1442774,4799.732903,4739.629324,797.1799918,1081.830148,4860.374277,4793.600002,822.1736624,935.3178902,4864.057905,4743.48041,821.662748,1010.462278,4807.099483,4686.341154,907.2681596,1084.390756,4783.765079,4723.320821,896.8161187,1078.266464,4770.914124,4603.449489,964.4372793,1013.94425,4846.244312,4738.599606,946,1016,4750.07234,4629.375944,1142,1267.681793,4942.94222,4762.044437,874,986,4663,4579,1018,1138,4787,4711
2,1081,960,4818,4939,903,830,4705,4685,820.1687118,920.5089851,4795.940537,4756.793032,724.2967705,844.0824971,4917.445165,4715.247612,572.6875891,823.2597838,4624.768262,4530.940172,668.265753,953.8140374,4658.515068,4577.305502,779.3355826,929.9196594,4647.816486,4626.795656,834.2187754,1036.05289,4771,4771,963.8234015,1053.482204,4921.168002,4874.961791,927.2816637,1026.084977,4940.722602,4904.438167,891.6693136,994.1442774,4799.732903,4739.629324,797.1799918,1081.830148,4860.374277,4793.600002,829.6241856,911.1656031,4879.765543,4766.826415,821.662748,1010.462278,4807.099483,4686.341154,907.2681596,1084.390756,4783.765079,4723.320821,896.8161187,1078.266464,4770.914124,4603.449489,964.4372793,1013.94425,4846.244312,4738.599606,946,1016,4750.07234,4629.375944,1142,1267.681793,4942.94222,4762.044437,874,986,4663,4579,1018,1138,4935,4847
3,1093,984,4866,4925,903,830,4705,4685,795.6364101,904.9486023,4760.160097,4765.478906,738.1789263,856.6426282,4915.166818,4860.641737,675.0086301,838.2776117,4632.595027,4577.560539,754.8281735,820.0792138,4665.781627,4665.553029,779.3355826,929.9196594,4647.816486,4626.795656,834.2187754,1036.05289,4771,4771,963.8234015,1053.482204,4921.168002,4874.961791,927.2816637,1026.084977,4940.722602,4904.438167,891.6693136,994.1442774,4799.732903,4739.629324,797.1799918,1081.830148,4860.374277,4793.600002,829.6241856,911.1656031,4879.765543,4766.826415,821.662748,1010.462278,4807.099483,4686.341154,907.2681596,1084.390756,4783.765079,4723.320821,896.8161187,1078.266464,4770.914124,4603.449489,964.4372793,1013.94425,4846.244312,4738.599606,946,1016,4750.07234,4629.375944,1142,1267.681793,4942.94222,4762.044437,874,986,4663,4579,1018,1138,4935,4847
4,1129,1024,4814,4814,903,830,4705,4685,880,880,4809.758955,4775.477646,711.6132028,867.333038,4930.315574,4798.578991,664.6258428,858.4503535,4625.724618,4571.421991,748.1483657,938.5453817,4663.52518,4621.201412,758.5983743,953.2374591,4695.778779,4635.457503,834.2187754,1036.05289,4771,4771,931.2260511,1128.195176,4923.790865,4863.511893,927.2816637,1026.084977,4940.722602,4904.438167,891.6693136,994.1442774,4799.732903,4739.629324,838.1217689,1112.512166,4879.012784,4758.700286,829.6241856,911.1656031,4879.765543,4766.826415,821.662748,1010.462278,4807.099483,4686.341154,907.2681596,1084.390756,4783.765079,4723.320821,923.4390866,1083.092277,4789.614765,4684.261952,952.5479439,1025.684952,4916.99703,4736.638124,946,1016,4750.07234,4629.375944,1142,1267.681793,4942.94222,4762.044437,874,986,4663,4579,1018,1138,4935,4847
5,1080,1020,4768,4829,903,830,4705,4685,873,873,4801.489808,4816.291862,760.7540229,842.2373969,4867.155618,4889.131352,611.1817664,841.7405808,4568,4568,724.5828048,950.608235,4641.983566,4620.56206,739.8173285,958.2518018,4700.78626,4640.407901,834.2187754,1036.05289,4771,4771,962.3298436,1128.945555,4901.819025,4841.432643,878.2850852,1055.598907,4964.735765,4904.456276,891.6693136,994.1442774,4799.732903,4739.629324,838.1217689,1112.512166,4879.012784,4758.700286,848.2951203,989.0438236,4776.843149,4716.43862,806.5793015,992.2493206,4726.97031,4606.352881,901.7678505,1073.753397,4779.745615,4719.374972,923.4390866,1083.092277,4789.614765,4684.261952,957.8029799,1064.002024,4799.776759,4739.27027,946,1016,4750.07234,4629.375944,1142,1267.681793,4942.94222,4762.044437,874,986,4663,4579,1018,1138,4935,4847
6,1098,996,4866,4866,903,830,4705,4685,877,877,4769.692732,4768.449373,734.8647575,830.4660883,4874.062036,4852.893748,628.744508,857.5340524,4557,4557,709.8920725,923.9466153,4621.296546,4631.41448,795.1221632,942.8273638,4638.590713,4618.825873,834.2187754,1036.05289,4771,4771,1004.002143,1094.796916,4866.744737,4806.457594,878.2850852,1055.598907,4964.735765,4904.456276,891.6693136,994.1442774,4799.732903,4739.629324,838.1820323,1079.969428,4836.006587,4789.321132,848.2951203,989.0438236,4776.843149,4716.43862,806.5793015,992.2493206,4726.97031,4606.352881,939.6017953,1065.922887,4729.280582,4731.780636,923.4390866,1083.092277,4789.614765,4684.261952,943.6460102,1059.999816,4783.666342,4723.695284,946,1016,4750.07234,4629.375944,1142,1267.681793,4942.94222,4762.044437,874,986,4663,4579,1018,1138,4935,4847
7,1107,976,4811,4846,903,830,4705,4685,860.7571739,921.1176253,4766.772153,4830.011363,753.633376,846.6395235,4937.912568,4799.738394,644.2108813,841.3964513,4613.494461,4548.476586,771.6885639,893.6261566,4644.52238,4632.093801,765.2610934,955.0762715,4694.753254,4634.377031,834.2187754,1036.05289,4771,4771,1040.619863,957.2897451,4843,4843,878.2850852,1055.598907,4964.735765,4904.456276,936.6692398,1039.139189,4764,4764,838.1820323,1079.969428,4836.006587,4789.321132,848.2951203,989.0438236,4776.843149,4716.43862,822.1317138,1015.070722,4767.975997,4647.44426,985.9393132,1072.635713,4751.67722,4745.416163,923.4390866,1083.092277,4789.614765,4684.261952,1129.581622,1102,4835.7836,4671.206328,946,1016,4750.07234,4629.375944,1142,1267.681793,4942.94222,4762.044437,874,986,4663,4579,1018,1138,4935,4847
8,1089,966,4819,4935,903,830,4705,4685,832.0779229,895.7252101,4749.06859,4733.535411,752.7879951,887.0423222,4893.491226,4789.301754,605.3850312,852.4473369,4551,4551,760.3905266,909.9370143,4676.621403,4671.614976,765.2610934,955.0762715,4694.753254,4634.377031,912.9116277,1088.198904,4823.640711,4763.515275,1040.619863,957.2897451,4843,4843,936.6130181,1109.32744,4989.198454,4868.527827,936.6692398,1039.139189,4764,4764,851.0324978,1103.472685,4833.809104,4773.454148,848.4162437,995.0862806,4827.944613,4707.4932,837.4621016,927.6995221,4768.960665,4648.339828,958,1136.431362,4727.435387,4674.68655,818.6571481,1130.085689,4777.157667,4656.06533,950,1101.490599,4822.07639,4701.388493,946,1016,4750.07234,4629.375944,1142,1267.681793,4942.94222,4762.044437,874,986,4663,4579,1018,1138,4935,4847
9,1138,986,4828,4828,903,830,4705,4685,892.2937257,832.2264048,4774.602152,4781.647941,772.5523752,883.121523,4902.838256,4758.788899,575.5313962,897.063411,4577.490156,4590.331635,741.7511962,954.3264883,4606.047289,4612.575193,794.9153219,962.0418712,4678.187468,4601.492745,912.9116277,1088.198904,4823.640711,4763.515275,1043.006328,1113.777418,4861.164224,4849.561468,936.6130181,1109.32744,4989.198454,4868.527827,936.6692398,1039.139189,4764,4764,851.0324978,1103.472685,4833.809104,4773.454148,848.4162437,995.0862806,4827.944613,4707.4932,808.0914018,956.8931713,4791.918213,4610.838466,903.3340934,1077.591411,4727.641602,4667.600277,818.6571481,1130.085689,4777.157667,4656.06533,975.7273404,1068.835023,4849.121094,4728.375026,946,1016,4750.07234,4629.375944,1142,1267.681793,4942.94222,4762.044437,874,986,4663,4579,1018,1138,4935,4847
10,1071,981,4791,4907,903,830,4705,4685,884,884,4783.641269,4750.388486,728.7260346,907.3045865,4907.985475,4743.460646,605.7433065,867.3508729,4601.238996,4550.882883,763.6278675,924.2675866,4628.168799,4630.161651,795.8984795,994.9775631,4696.848252,4609.584873,912.9116277,1088.198904,4823.640711,4763.515275,1055.397223,1130.887707,4903.730154,4843.446773,913.8037816,1075.119833,4975.422733,4878.589449,936.6692398,1039.139189,4764,4764,888.6053492,1098.26073,4817.226275,4783.5932,848.4162437,995.0862806,4827.944613,4707.4932,826.4655213,1029.775272,4766.8373,4634.954694,874.4998073,1079.110089,4747.088988,4690.719695,818.6571481,1130.085689,4777.157667,4656.06533,955.1273922,1096.514733,4822.312433,4724.094394,946,1016,4750.07234,4629.375944,1142,1267.681793,4942.94222,4762.044437,874,986,4663,4579,1018,1138,4935,4847
11,1053,862,4740,4846,903,830,4705,4685,797.2755971,912.7373978,4827.373358,4852.641272,762.994071,875.2672066,4899.627329,4768.331293,643.8139638,861.8274847,4600.110397,4544.801673,752.659075,949.8640566,4646.939547,4632.818853,734.9372115,964.0577038,4713.093809,4592.312737,912.9116277,1088.198904,4823.640711,4763.515275,1054.443803,1149.766204,4926.901265,4866.374406,876.5095,1118.214507,4943.621508,4895.065265,936.6692398,1039.139189,4764,4764,941.3059609,1108.068706,4860.606545,4800.505328,883.9083345,1011.947059,4765.091626,4722.091242,806.1291369,997.1488046,4738.034975,4617.371238,938.0721201,1085.108671,4754.853582,4727.375702,818.6571481,1130.085689,4777.157667,4656.06533,963.8080153,1056.590852,4817.87884,4697.540923,946,1016,4750.07234,4629.375944,1142,1267.681793,4942.94222,4762.044437,874,986,4663,4579,1018,1138,4935,4847
12,1105,986,4806,4847,903,830,4705,4685,840.1219414,880.4877264,4747.675825,4736.866045,692.5569949,859.2082687,4905.378202,4758.702229,687.8110318,877.5833298,4575.964174,4544.454043,763.247224,960.6874048,4649.267125,4611.39666,778.9795654,979.2200203,4626.387951,4627.14243,911.7569941,1053.804709,4752.499208,4783.744023,1019.107743,1092.363474,4964.566989,4893.246662,932.1953521,1070.620267,4937.656726,4896.199869,936.6692398,1039.139189,4764,4764,785.7186622,1147.908253,4809.048035,4792.731641,883.9083345,1011.947059,4765.091626,4722.091242,859.2991033,1016.208538,4748.444896,4624.340834,811.9754123,1114.499226,4730.267418,4714.148684,944.4732224,1084.843292,4771.3185,4655.545208,930.0549405,1098.506979,4804.499552,4702.420988,896.0742584,968.7163187,4801.024203,4574.520345,1142,1267.681793,4942.94222,4762.044437,874,986,4663,4579,1018,1138,4935,4847
13,1059,1028,4748,4866,903,830,4705,4685,815.9170968,893.7137716,4766.56599,4782.001986,728.2457013,880.8972958,4864.638486,4796.957938,674.1939353,809.1731779,4697.94906,4550.778665,714.1426642,885.738906,4699.805131,4670.241625,757.1467283,930.3667088,4710.475798,4682.710502,903.0977104,1006.362195,4821.492085,4803.489151,1008.141854,1092.186457,4942.23522,4882.200561,820.520643,1061.90198,4911.879631,4830.379024,936.6692398,1039.139189,4764,4764,785.7186622,1147.908253,4809.048035,4792.731641,825.7064977,976.4050327,4813.842121,4726.821976,877.3982873,944.4460567,4824.408115,4619.079112,770.3304321,1072.212048,4817.165595,4787.065516,942,1073.162378,4806.488344,4580.2468,1009.388242,1020.01498,4834.330003,4656.265935,896.0742584,968.7163187,4801.024203,4574.520345,1142,1267.681793,4942.94222,4762.044437,874,986,4663,4579,1018,1138,4935,4847
14,1108,1016,4787,4905,903,830,4705,4685,829.1701817,858.4472381,4777.946265,4822.886472,697.5200365,880.1454834,4886.413633,4895.177734,621.1197066,715.3812166,4714.225406,4556.670142,735.2773856,886.5797729,4710.313229,4644.322461,773.7340844,909.4697411,4765.074022,4644.296667,911.4330345,1061.530841,4897.269269,4776.317188,1037.503556,1096.52068,4949.832978,4889.469146,904.1198123,1093.846614,4974.713628,4858.148951,873.2233712,1045.878272,4871.956469,4690.909004,913.7101117,1077.987697,4899.143,4778.605093,852.6447987,917.3859539,4837.837492,4695.411384,877.3982873,944.4460567,4824.408115,4619.079112,931.9461111,1020.600065,4813.073146,4698.07551,864.8882105,1046.276859,4834.298679,4651.159957,855.5680221,1036.462736,4876.921897,4696.041338,896.0742584,968.7163187,4801.024203,4574.520345,1142,1267.681793,4942.94222,4762.044437,874,986,4663,4579,1018,1138,4935,4847
15,1094,1016,4808,4926,903,830,4705,4685,875,875,4719.567814,4804.748029,744.7307949,890.900714,4839.579372,4856.810564,632.2813274,825.4714901,4624.77613,4504.259279,814.7580167,913.1636488,4710.78176,4583.204141,766.7248173,921.6475746,4747.686509,4611.717831,881.0572125,1021.744864,4859.121866,4738.435647,1029.83004,1075.42325,4976.108886,4855.554038,911.2180879,1070.845196,4962.09077,4841.531246,873.2233712,1045.878272,4871.956469,4690.909004,913.7101117,1077.987697,4899.143,4778.605093,857.2107156,963.9853846,4863.004743,4681.806675,889.5880179,936.5538198,4783.803543,4602.772895,997.6522163,1062.641537,4795.99742,4675.355704,879.6522543,1019.408993,4866.971762,4663.37361,957.8645879,1030.78234,4898.904316,4728.170936,896.0742584,968.7163187,4801.024203,4574.520345,1142,1267.681793,4942.94222,4762.044437,874,986,4663,4579,1018,1138,4935,4847
16,1052,992,4775,4894,903,830,4705,4685,817.5544658,906.7237111,4745.650791,4779.682229,701.2834617,876.7580581,4912.157027,4866.374909,637.2560382,766.5615925,4713.578576,4546.750404,691.8380966,912.7685219,4702.286887,4636.653753,769.7196325,915.7312514,4726.982259,4649.786012,881.0572125,1021.744864,4859.121866,4738.435647,1075.930328,1087.826745,4948.256284,4892.677466,936.8504986,1074.918605,4982.47946,4878.766976,873.2233712,1045.878272,4871.956469,4690.909004,907.4684443,1058.808778,4878.116872,4757.621725,896.5283591,980.0935233,4890.06575,4708.901947,889.5880179,936.5538198,4783.803543,4602.772895,952.2766954,1021.856774,4822.205257,4713.4512,947.1078164,1007.773105,4804.770201,4616.092209,991.2395797,1047.211141,4826.868945,4645.879611,888.8932546,948.8969431,4838.772563,4659.622278,1142,1267.681793,4942.94222,4762.044437,874,986,4663,4579,1018,1138,4935,4847
17,1079,1019,4796,4850,903,830,4705,4685,834.8535847,925.4546339,4671.991642,4861.581678,723.3301393,871.200938,4913.925995,4872.832755,648.708458,794.8510344,4670.369969,4571.66965,770.7610003,844.087052,4725.037912,4638.959349,775.2912893,923.6311443,4743.794793,4683.487613,848.7483787,1037.242388,4873.948734,4813.362619,1010.425294,1100.654515,4973.775797,4913.55361,907.7092156,1037.045784,4969.774757,4909.455107,884.2352041,1067.674402,4915.005233,4733.9752,740.2567898,931.5660887,4930.098279,4809.331535,852.4719234,966.7189588,4828.969589,4708.492859,916.8347118,948.6411331,4856.288777,4614.796972,877.1819912,992.3253834,4828.962925,4708.58909,851.0298996,1056.291035,4821.009256,4679.344341,953.2432155,1031.698885,4893.375871,4686.099916,888.8932546,948.8969431,4838.772563,4659.622278,1142,1267.681793,4942.94222,4762.044437,874,986,4663,4579,1018,1138,4935,4847
18,1099,1039,4747,4847,903,830,4705,4685,838.8649639,929.7094576,4734.740721,4781.626254,701.7696394,831.7440767,4901.380647,4886.307687,646.388106,780.5484816,4656.934453,4545.687601,734.5798715,884.6371855,4683.244038,4586.312644,775.2912893,923.6311443,4743.794793,4683.487613,848.7483787,1037.242388,4873.948734,4813.362619,990.6662275,1114.614839,4972.713208,4912.574565,907.7092156,1037.045784,4969.774757,4909.455107,884.2352041,1067.674402,4915.005233,4733.9752,740.2567898,931.5660887,4930.098279,4809.331535,852.4719234,966.7189588,4828.969589,4708.492859,916.8347118,948.6411331,4856.288777,4614.796972,876.5678102,1040.669672,4820.800079,4745.053791,934,1073.086483,4867.842825,4486.24497,967.7423314,1022.576949,4844.093079,4723.492842,888.8932546,948.8969431,4838.772563,4659.622278,1142,1267.681793,4942.94222,4762.044437,874,986,4663,4579,1018,1138,4935,4847
19,1078,959,4825,4944,903,830,4705,4685,857.2247623,904.4962003,4810.004505,4808.041303,718.0948505,881.9450295,4922.113921,4839.986553,610.6323493,800.4347082,4634.381327,4558.326298,796.2364226,859.7498945,4709.183928,4603.400736,768.65133,951.1532843,4696.078868,4614.58198,902.7338862,1062.256312,4909.030316,4788.560311,1052.579866,1125.537753,4945.177977,4853.541394,907.7092156,1037.045784,4969.774757,4909.455107,884.2352041,1067.674402,4915.005233,4733.9752,891.2799164,1071.421752,4907.158372,4786.488675,872.5460164,970.2931354,4895.978976,4714.76158,893.2390534,980.4375471,4872.321425,4630.711398,975.679986,1043.791103,4807.114134,4686.35339,922.0176632,1017.740304,4809.903241,4611.830257,918.9236031,1063.7426,4877.663906,4663.466691,888.8932546,948.8969431,4838.772563,4659.622278,1142,1267.681793,4942.94222,4762.044437,874,986,4563,4479,1018,1138,4935,4847
20,1060,1000,4783,4901,903,830,4705,4685,880,880,4718.564949,4731.867748,733.7564381,884.6073818,4827.466938,4793.732211,586.6650195,806.2632807,4603.919916,4524.033308,747.7071215,905.3342106,4715.132458,4623.244049,781.1509965,900.9833037,4688.98376,4568.291067,907.3774559,1001.261746,4869.178245,4748.377629,991.3130222,1088.874786,4959.264473,4873.876139,898.2541757,1019.209293,4948.196043,4827.359802,903.6894166,983.0619711,4836.814953,4655.816176,946.7838306,1020.415598,4882.745327,4768.847408,857.7152366,995.9737726,4887.00796,4705.86712,847.0579583,952.2677969,4794.868835,4613.764621,884.3211112,1072.180692,4768.861052,4708.253546,935.8000188,996.1059181,4799.53785,4637.708817,993.5872114,1083.709538,4870.099209,4671,888.8932546,948.8969431,4838.772563,4659.622278,1142,1267.681793,4942.94222,4762.044437,874,986,4563,4479,1018,1138,4935,4847
21,1053,993,4770,4889,903,830,4705,4685,820.7832031,881.8646717,4759.066271,4783.447918,711.5941166,788.5638142,4875.555864,4829.647251,640.3016132,759.6867597,4682.71977,4506.168863,740.3600043,883.2490463,4674.472504,4659.774745,737.8519885,841.8223232,4746.721393,4565.776765,901.2612549,1052.309855,4906.15143,4724.990888,991.3130222,1088.874786,4959.264473,4873.876139,898.2541757,1019.209293,4948.196043,4827.359802,903.6894166,983.0619711,4836.814953,4655.816176,946.7838306,1020.415598,4882.745327,4768.847408,874.3114159,954.9458143,4879.953068,4698.883603,858.6633054,926.6587996,4790.551428,4609.792666,956.16025,1052.408777,4805.480928,4675.100882,935.8000188,996.1059181,4799.53785,4637.708817,993.5872114,1083.709538,4870.099209,4671,840.5074688,861.8262614,4805.862609,4642.353596,1142,1267.681793,4942.94222,4762.044437,874,986,4563,4479,1018,1138,4935,4847
22,1063,1003,4817,4873,903,830,4705,4685,849.5621995,904.291682,4809.238123,4816.657195,709.9048386,900.3679285,4904.438589,4843.082694,606.0236057,821.1392198,4615.09838,4494.19607,722.5110568,858.3857043,4732.307,4666.374108,758.790426,944.268771,4790.98017,4591.083636,901.2612549,1052.309855,4906.15143,4724.990888,1030.878884,1112.097262,4968.742855,4908.33395,913.0524157,1057.894577,4982.988595,4862.624757,796.2087521,1051.489251,4839.021166,4718.282396,787.9628073,1151.290371,4942.342784,4789.286517,847.5257756,989.6781442,4866.069324,4696.169574,871.9248491,955.493804,4871.347053,4629.788338,907.0614586,1062.445626,4817.117379,4694.948673,943.0364196,1020.546205,4829.632126,4667.769886,917.3110599,1063.669565,4843.85051,4649.254536,840.5074688,861.8262614,4805.862609,4642.353596,1142,1267.681793,4942.94222,4762.044437,874,986,4563,4479,1018,1138,4935,4847
23,1068,1008,4820,4875,903,830,4705,4685,883,883,4777.853701,4767.110577,673.7609069,822.0788992,4917.043802,4871.970563,627.5726895,783.9933122,4636.503299,4478.339615,739.5766494,889.3364372,4685.895407,4624.77888,778.4942178,927.3901407,4770.838087,4627.120714,919.1441086,1065.076298,4920.148139,4738.847528,1009.090588,1083.002738,4982.16961,4883.56012,961.6364141,1086.400209,4998.209712,4880.354767,796.2087521,1051.489251,4839.021166,4718.282396,787.9628073,1151.290371,4942.342784,4789.286517,878.5010619,956.2488151,4872.978522,4691.07552,815,999.9753832,4810.469668,4528.681514,915.6811839,992.8172806,4812.546787,4652.556683,943.0364196,1020.546205,4829.632126,4667.769886,932.4451113,1002.592975,4865.007466,4656.085082,840.5074688,861.8262614,4805.862609,4642.353596,1142,1267.681793,4942.94222,4762.044437,874,986,4563,4479,1018,1138,4935,4847
24,1045,985,4807,4928,903,830,4705,4685,870,870,4749.961788,4776.501586,689.4723061,857.6629056,4870.389899,4892.989066,635.5671255,792.0029668,4667.842427,4520.979988,785.5058536,888.1752154,4690.231987,4599.931534,838.4060665,924.6554588,4719.995114,4588.714215,915.8871157,1007.090479,4824.103552,4749.558603,1064.442433,1084.083158,4957.576211,4849.304853,920.2740353,1031.828513,4922.819662,4862.412562,928.0276971,1015.312265,4812.014988,4691.351174,860.2909771,1094.121333,4886.89508,4755.640459,916.768769,976.7179724,4833.398321,4734.854743,816.7648521,998.5839831,4824.045123,4686.878372,998.7854795,1024.831034,4774.066236,4653.377558,943.0364196,1020.546205,4829.632126,4667.769886,970.5793974,1044.562138,4842.956831,4661.820106,840.5074688,861.8262614,4805.862609,4642.353596,1142,1267.681793,4942.94222,4762.044437,874,986,4563,4479,1018,1138,4935,4847
25,1114,993,4756,4855,903,830,4705,4685,875.4409094,814.9850049,4770.251656,4768.406393,658.9438304,816.1466003,4912.954811,4890.209487,603.9206056,845.5857949,4613.670945,4504.401683,740.1650985,870.8117753,4705.402937,4646.330605,782.2909195,938.6621697,4727.569434,4642.440341,888.0908131,1054.469248,4859.780831,4799.310072,1059.792985,1114.876564,4844.467352,4842.074711,866.7853393,1041.463805,4978.779512,4918.483607,871.2574047,1036.344917,4793.547752,4707.36103,725.3652062,1028.244433,4956.967191,4853.450462,814.3324481,993.1613091,4879.120043,4755.695194,866.3683501,899.5438545,4876.910152,4695.988942,966.3840334,1055.104023,4713.714408,4690.685313,863.8320056,1045.152511,4840.20019,4780.991222,939.4071074,1033.025708,4834.763261,4711.868102,840.5074688,861.8262614,4805.862609,4642.353596,1142,1267.681793,4942.94222,4762.044437,874,986,4563,4479,1018,1138,4935,4847
26,1039,979,4822,4870,903,830,4705,4685,870.3060912,810.2208987,4784.106684,4840.533392,761.5093271,850.0827892,4898.771481,4879.785814,572.0097892,813.3204139,4610.732531,4540.172511,773.4918114,905.8158595,4638.429994,4631.084588,791.8482623,955.1853178,4658.780658,4613.565064,857.0085779,1063.674494,4765,4765,1087.961803,1105.166465,4864,4864,906.9453636,1037.875587,4949.851411,4889.336744,879.3334651,1051.979467,4744,4744,826.1673391,1144.786817,4882.085931,4816.586737,900.5104985,1034.597471,4811.683695,4751.662867,860.0986795,1008.376629,4709.731454,4649.504945,775.9771771,1133.911957,4751.501985,4745.392849,786.8106332,1086.002149,4758.931241,4695.906067,953.2123964,1082.796843,4781.825717,4721.428879,840.5074688,861.8262614,4805.862609,4642.353596,1142,1267.681793,4942.94222,4762.044437,874,986,4563,4479,1018,1138,4935,4847
27,1079,958,4823,4875,903,830,4705,4685,836.6032166,881.7101339,4857.030699,4814.15665,706.3611041,854.0023282,4903.253334,4806.649469,563.5101178,805.7390431,4646.857319,4526.398484,706.119979,929.2334114,4685.058357,4594.896408,769.7289546,969.4781669,4703.886309,4583.32815,857.0085779,1063.674494,4765,4765,919.1861966,1109.958247,4962.953273,4878.383857,888.6565364,1123.119799,4983.824157,4923.424625,879.3334651,1051.979467,4744,4744,826.1673391,1144.786817,4882.085931,4816.586737,853.2767448,1042.548585,4851.262562,4680.26323,850,1070.724408,4743.032224,4622.203477,812.1271837,1112.989052,4750.981591,4691.767305,893.3605221,1019.584987,4850.850689,4677.078085,931.9609272,1091.866531,4833.636116,4709.757785,882,1037.285985,4730.620108,4628.260601,1142,1267.681793,4942.94222,4762.044437,874,986,4563,4479,1018,1138,4935,4847
28,1039,979,4820,4936,903,830,4705,4685,855.7701666,904.3228678,4823.508415,4791.013865,718.8523784,889.8040357,4879.527433,4844.872747,579.4543551,811.1847886,4625.729838,4565.369878,793.7831408,905.9599128,4666.070151,4632.141909,737.3403577,982.0180843,4713.796557,4631.099708,848.0233476,1101.679348,4794.409144,4766.6506,1036.00076,1127.826966,4925.857337,4865.504667,882.7694261,1078.405321,4957.164528,4836.551185,909.1087598,1061.659736,4786.7205,4726.442005,826.1673391,1144.786817,4882.085931,4816.586737,858.7701743,999.7248231,4856.081954,4735.392757,889.0791812,1035.083984,4720.758014,4660.368981,945.7390524,1068.750287,4817.024818,4696.518998,931.3478729,1055.272188,4794.091673,4673.238361,1010,1175.434044,4555.348318,4593.211919,882,1037.285985,4730.620108,4628.260601,1142,1267.681793,4942.94222,4762.044437,874,986,4563,4479,1018,1138,4935,4847
29,1044,923,4846,4875,903,830,4705,4685,877,877,4803.039552,4760.735827,763.7429953,861.8612603,4861.703763,4857.979608,549.6147687,829.6256147,4590.695434,4530.372633,776.1172604,935.4547078,4684.052897,4632.76843,737.3403577,982.0180843,4713.796557,4631.099708,848.0233476,1101.679348,4794.409144,4766.6506,934.3845616,1158.719759,4861.688829,4868.883641,882.7694261,1078.405321,4957.164528,4836.551185,909.1087598,1061.659736,4786.7205,4726.442005,826.1673391,1144.786817,4882.085931,4816.586737,858.7701743,999.7248231,4856.081954,4735.392757,889.0791812,1035.083984,4720.758014,4660.368981,949.1251196,1067.210998,4760.198891,4712.355855,939.5826371,1056.528864,4744.695235,4670.010803,992.7315388,1064.684479,4782.88058,4712.590002,882,1037.285985,4730.620108,4628.260601,1142,1267.681793,4942.94222,4762.044437,874,986,4563,4479,1018,1138,4935,4847
30,1111,990,4764,4806,903,830,4705,4685,885,885,4816.421245,4786.882392,708.1530333,891.9666148,4855.572552,4800.15311,545.8197542,798.1065232,4672.195659,4558.993971,725.4890436,901.7071195,4746.344089,4648.697027,730.021753,954.803903,4697.748154,4637.543175,893.9752586,1036.000545,4893.817064,4833.228902,1021.030771,1159.623454,4904.814237,4844.322485,934.0286545,1064.943392,4874,4874,909.1087598,1061.659736,4786.7205,4726.442005,785.5458976,1148.036996,4969.148184,4849.268787,884.6386992,1052.03028,4820.089624,4699.342055,854.5032936,1025.569243,4837.091715,4716.450311,897.1398447,1115.601512,4785,4785,916.6715183,1069.106865,4771.278562,4662.968026,896.3835569,1112.172338,4826.07714,4714.464773,882,1037.285985,4730.620108,4628.260601,1142,1267.681793,4942.94222,4762.044437,874,986,4563,4479,1018,1138,4935,4847
31,1092,975,4830,4881,903,830,4705,4685,813.2698592,838.8636727,4798.856998,4835.132611,749.4152467,860.9660566,4880.433642,4838.941323,605.9617707,839.2269119,4560,4560,714.3468741,878.5460338,4754.60201,4693.788447,771.4320075,944.9741231,4709.789266,4649.422074,893.9752586,1036.000545,4893.817064,4833.228902,982.7137178,1138.941802,4888.86145,4828.338402,934.0286545,1064.943392,4874,4874,817.5824452,1097.791082,4755.71474,4711.770224,785.5458976,1148.036996,4969.148184,4849.268787,884.6386992,1052.03028,4820.089624,4699.342055,854.5032936,1025.569243,4837.091715,4716.450311,939.0869746,1084.860874,4724.686372,4762.205636,801.5145059,1103.067006,4768.438143,4687.795982,909.8573696,1083.847254,4877.855864,4678.32579,882,1037.285985,4730.620108,4628.260601,1142,1267.681793,4942.94222,4762.044437,874,986,4563,4479,1018,1138,4935,4847
32,1115,994,4771,4827,903,830,4705,4685,867,867,4830.035399,4759.306855,692.5649518,859.3867432,4867.581309,4768.188904,538.6444637,804.5712678,4580.78334,4520.142558,718.8820792,918.7175958,4675.215562,4616.223563,733.7747034,995.1968803,4690.599831,4597.129678,811.2113626,1023.259466,4873.910543,4813.347115,982.7137178,1138.941802,4888.86145,4828.338402,927.8427984,1073.423102,4938.941838,4873.23474,817.5824452,1097.791082,4755.71474,4711.770224,785.5458976,1148.036996,4969.148184,4849.268787,826.441391,1016.878603,4850.180446,4714.036377,884.8702535,973.5968205,4817.485021,4676.508552,772.0148681,1135.113581,4743.115238,4682.758954,876.2996866,1053.147771,4766.507367,4658.057667,909.8573696,1083.847254,4877.855864,4678.32579,953.7569882,1014.188017,4794.870438,4665.590462,1142,1267.681793,4942.94222,4762.044437,874,986,4563,4479,1018,1138,4935,4847
33,1116,995,4830,4830,903,830,4705,4685,878.5503087,818.0008939,4793.294762,4777.061651,703.1404124,826.8934477,4925.10128,4808.197559,630.9646954,811.7620648,4611.26537,4531.386037,721.7207712,904.6102206,4628.465832,4656.914152,747.6368463,890.3653575,4717.623219,4657.495348,811.2113626,1023.259466,4873.910543,4813.347115,983.5329038,1105.488036,4972.855646,4912.387944,886.7013946,989.2816219,4971.86003,4911.413419,817.5824452,1097.791082,4755.71474,4711.770224,870.2361035,1033.265031,4975.264296,4854.342882,876.6172264,967.0235472,4886.081607,4765.299203,901.4939393,1067.944522,4777.842489,4717.362146,931.2423127,1004.226224,4759.704964,4699.336187,904.6049739,1048.152337,4802.98846,4682.386751,870.8274893,1036.033516,4879.978468,4698.950748,953.7569882,1014.188017,4794.870438,4665.590462,1142,1267.681793,4942.94222,4762.044437,874,986,4563,4479,1018,1138,4935,4847
34,1087,967,4771,4828,903,830,4705,4685,870.4765361,809.9608535,4803.132094,4777.658462,716.197566,840.2838712,4890.06499,4790.802829,566.2202876,823.3947477,4644.470338,4559.375083,774.9579736,865.7579289,4708.761862,4668.606344,762.6749002,941.08883,4724.163556,4603.206614,811.2113626,1023.259466,4873.910543,4813.347115,1036.613185,1115.641978,4947.829906,4914.652365,886.7013946,989.2816219,4971.86003,4911.413419,888.6688356,1023.196254,4821.122522,4700.39215,870.2361035,1033.265031,4975.264296,4854.342882,876.6172264,967.0235472,4886.081607,4765.299203,901.4939393,1067.944522,4777.842489,4717.362146,901.2277975,1025.418329,4793.015637,4672.31908,829.0060325,1111.665273,4794.149346,4708.944895,919.5292785,1072.659232,4811.199391,4679.444875,953.7569882,1014.188017,4794.870438,4665.590462,1142,1267.681793,4942.94222,4762.044437,874,986,4563,4479,1018,1138,4935,4847
35,1108,1022,4811,4811,903,830,4705,4685,875.2718318,855.7575288,4774.832893,4787.822622,687.1024619,829.8486555,4939.230853,4847.39042,563.5542591,806.6962745,4692.72378,4559.423814,749.8020306,897.3378856,4747.592776,4661.903278,762.6749002,941.08883,4724.163556,4603.206614,909.5719533,1101.103566,4839.800875,4779.408624,996.5322096,1108.795073,4967.73655,4907.478284,927.6034439,1138.749707,4975,4975,888.6688356,1023.196254,4821.122522,4700.39215,925.0968461,1145.132453,4872.797352,4812.41554,848.4719054,1021.225469,4801.077073,4680.300407,810.6326141,997.9581963,4845.232736,4728.049635,901.2277975,1025.418329,4793.015637,4672.31908,916.7272832,1053.632758,4808.086501,4656.448487,919.5292785,1072.659232,4811.199391,4679.444875,953.7569882,1014.188017,4794.870438,4665.590462,1142,1267.681793,4942.94222,4762.044437,874,986,4563,4479,1018,1138,4935,4847
36,1115,994,4800,4795,903,830,4705,4685,854.3954843,922.3397527,4778.535058,4744.429887,684.7112426,884.5690117,4924.4805,4800.659811,610.0712117,830.7481016,4562.673421,4502.416473,722.8938147,852.5154155,4747.856955,4660.176072,794.8750089,952.7711092,4750.606825,4616.99626,909.5719533,1101.103566,4839.800875,4779.408624,1008.557841,1120.399519,4962.624336,4875.63686,927.6034439,1093.306006,4938.827027,4878.378606,888.6688356,1023.196254,4821.122522,4700.39215,925.0968461,1145.132453,4872.797352,4812.41554,848.4719054,1021.225469,4801.077073,4680.300407,976.8266947,980.63042,4870.022617,4688.7232,946.2390061,1087.693266,4735.204882,4588.992457,889.3496673,1122.431775,4773.929723,4653.363684,841.3678675,1056.964863,4799.122266,4688.437357,953.7569882,1014.188017,4794.870438,4665.590462,1142,1267.681793,4942.94222,4762.044437,874,986,4563,4479,1018,1138,4935,4847
37,1108,988,4830,4890,903,830,4705,4685,840.7358631,989.729676,4698.906304,4741.333401,733.6993784,890.7427197,4855.444543,4762.82439,685.2388939,822.745542,4656.182077,4477.449973,753.0134388,941.1528091,4701.032349,4632.74783,794.8750089,952.7711092,4750.606825,4616.99626,894.3901005,1059.556276,4882.087089,4761.479179,997.8562355,1100.508067,4974.237412,4933.408771,917.5185223,1063.341127,4958.359818,4875.878545,876.8537635,1020.884482,4841.937174,4721.470548,927.6529306,1152.668877,4940.341207,4836.385326,874.0304666,917.1727158,4886.837943,4687.558975,972.4500936,1026.24941,4907.798578,4685.724807,946.2390061,1087.693266,4735.204882,4588.992457,988.9284098,1109.565578,4835.619235,4620.768652,920.5419295,1082.227775,4883.85525,4628.684142,953.7569882,1014.188017,4794.870438,4665.590462,1142,1267.681793,4942.94222,4762.044437,874,986,4563,4479,1018,1138,4935,4847
38,1078,1018,4799,4860,903,830,4705,4685,893,893,4704.147752,4761.934961,701.0696414,805.659686,4905.918115,4798.593953,641.6444847,799.6801244,4676.232882,4518.980382,788.7753324,950.7010351,4750.922902,4596.933884,764.5150532,907.159579,4708.719551,4589.227419,898.2896594,1049.763577,4874.331926,4831.596948,954.2935335,1089.633515,4935.572709,4905.097182,906.8022074,1102.525448,4971.842917,4911.412225,876.8537635,1020.884482,4841.937174,4721.470548,927.6529306,1152.668877,4940.341207,4836.385326,869.9108791,1009.52104,4895.40203,4649.609289,887.8470135,1127.652058,4896.627732,4696.297573,926.957909,1018.249897,4788.381811,4726.184477,988.9284098,1109.565578,4835.619235,4620.768652,920.5419295,1082.227775,4883.85525,4628.684142,953.7569882,1014.188017,4794.870438,4665.590462,1142,1267.681793,4942.94222,4762.044437,874,986,4563,4479,1018,1138,4935,4847
39,1074,1014,4745,4861,903,830,4705,4685,895,895,4722.665987,4781.965141,732.3938815,893.8905004,4887.293813,4805.715994,578.754581,774.7045082,4670.730032,4457.600734,781.7313282,891.0689355,4704.12822,4590.024235,764.5150532,907.159579,4708.719551,4589.227419,902.5724976,1002.132842,4831.366965,4752.277106,1055.678009,1109.10008,4957.14823,4892.512754,901.9319808,1016.511392,4941.068182,4886.540161,876.8537635,1020.884482,4841.937174,4721.470548,927.6529306,1152.668877,4940.341207,4836.385326,895.5166505,942.0699471,4842.583301,4689.610347,887.8470135,1127.652058,4896.627732,4696.297573,926.957909,1018.249897,4788.381811,4726.184477,893.5482351,1042.051662,4833.38862,4596.823356,925.3489812,1062.535193,4848.170288,4627.652698,953.7569882,1014.188017,4794.870438,4665.590462,1142,1267.681793,4942.94222,4762.044437,874,986,4563,4479,1018,1138,4935,4847
40,1090,1030,4749,4854,903,830,4705,4685,887,887,4735.720889,4752.31011,713.9214057,888.4478408,4873.325682,4816.992935,616.1628957,808.9783514,4618.853883,4498.359391,810.5859251,908.2748025,4722.7114,4608.787648,772.2827389,938.6184345,4758.352915,4635.456984,944.1169479,1023.899099,4860.977034,4800.064264,1006.640982,1095.593948,4962.728897,4911.789467,958.6837385,1069.558298,4972.185253,4851.521539,876.8537635,1020.884482,4841.937174,4721.470548,974.9429469,1123.078385,4914.0114,4829.153096,905.014007,1002.751954,4873.977735,4692.95939,990.6229764,1083.229139,4943.777193,4727.879926,950.8744565,1011.056493,4784.489109,4658.653836,893.5482351,1042.051662,4833.38862,4596.823356,925.3489812,1062.535193,4848.170288,4627.652698,953.7569882,1014.188017,4794.870438,4665.590462,1142,1267.681793,4942.94222,4762.044437,874,986,4563,4479,1018,1138,4935,4847
41,5276,5215,602,695,903,830,4705,4685,856.7215474,929.7753648,4702.650109,4812.740311,689.1570173,892.6268956,4873.947219,4848.751452,616.1628957,808.9783514,4618.853883,4498.359391,757.4516582,892.6337388,4681.121523,4591.186022,795.3607079,936.4310896,4729.195994,4608.368402,944.1169479,1023.899099,4860.977034,4800.064264,958.5289099,1112.877618,4962.531961,4928.725147,912.1166611,1015.237227,4978.622569,4871.089989,876.8537635,1020.884482,4841.937174,4721.470548,974.9429469,1123.078385,4914.0114,4829.153096,874.7826162,995.4090903,4887.890688,4708.830015,990.6229764,1083.229139,4943.777193,4727.879926,950.8744565,1011.056493,4784.489109,4658.653836,893.5482351,1042.051662,4833.38862,4596.823356,940,1045.990308,4834.136827,4599.540981,953.7569882,1014.188017,4794.870438,4665.590462,1142,1267.681793,4942.94222,4762.044437,874,986,4563,4479,1018,1138,4935,4847
42,1052,992,4792,4902,903,830,4705,4685,894,894,4752.163161,4747.870846,707.2218029,804.0126522,4917.456032,4857.287092,618.9047266,787.4726783,4644.719039,4551.326556,727.3048275,831.678099,4717.799831,4685.30645,763.9050796,897.7059161,4745.055468,4624.357383,944.1169479,1023.899099,4860.977034,4800.064264,1000.716418,1117.928711,4908.809793,4891.042342,903.9492844,1027.027955,4954.106329,4892.497756,876.8537635,1020.884482,4841.937174,4721.470548,974.9429469,1123.078385,4914.0114,4829.153096,871.0982618,966.2292878,4860.16621,4690.698093,1008.34986,1079.266026,4972.524525,4731.033615,900.675537,1035.524869,4797.847785,4757.119247,921.610481,986.8298414,4767.050151,4646.370369,940,1012.038288,4868.571922,4674.052508,904.5388678,1024.343307,4758.73291,4578.322986,1142,1267.681793,4942.94222,4762.044437,874,986,4563,4479,1018,1138,4935,4847
43,1047,987,4836,4897,903,830,4705,4685,892,892,4711.3036,4795.707904,693.1116516,824.6679368,4933.832697,4838.175737,565.8472544,777.6323495,4663.629019,4598.198472,735.4157099,873.2250391,4708.884209,4675.001169,750.8835125,927.3535021,4715.93469,4595.388975,891.0889146,1023.228465,4892.745061,4832.475267,952.0824732,1118.967147,4904,4904,898.4798607,1046.785957,4974.145599,4879.489359,876.8537635,1020.884482,4841.937174,4721.470548,974.9429469,1123.078385,4914.0114,4829.153096,900.7606749,982.3619116,4870.193893,4696.112734,986.5051272,1084.712183,4958.975096,4777.842085,831.8550949,1062.073231,4801.09075,4671.431732,798.2319034,1100.460434,4829.338356,4671.077754,940,1012.038288,4868.571922,4674.052508,904.5388678,1024.343307,4758.73291,4578.322986,1142,1267.681793,4942.94222,4762.044437,874,986,4563,4479,1018,1138,4935,4847
44,1081,988,4864,4925,903,830,4705,4685,887,887,4715.671362,4774.945225,698.8148766,897.0369294,4843.140345,4784.196044,599.4122026,820.6764333,4642.089083,4567.52583,789.5400333,870.4374015,4742.780535,4677.486215,820.1947755,954.6895412,4752.084423,4598.981907,891.0889146,1023.228465,4892.745061,4832.475267,1031.557392,1102.714958,4957.112409,4930.441198,898.4798607,1046.785957,4974.145599,4879.489359,871.3912141,1044.119064,4764.609753,4704.45156,829.7524586,1070.738061,4933.143622,4868.29095,881.4679038,942.6718543,4907.520405,4689.855763,986.5051272,1084.712183,4958.975096,4777.842085,1004.751691,1069.997177,4766.083191,4645.350273,798.2319034,1100.460434,4829.338356,4671.077754,928.634155,1049.686163,4878.067461,4695.945524,904.5388678,1024.343307,4758.73291,4578.322986,1142,1267.681793,4942.94222,4762.044437,874,986,4563,4479,1018,1138,4935,4847
45,1132,992,4790,4899,903,830,4705,4685,833.5890727,936.9318265,4773.515899,4805.38255,664.2256394,842.6059768,4936.493848,4803.835428,594.3181855,822.1176256,4643.550481,4518.396374,773.4238698,894.9502674,4728.522465,4664.427666,779.4483394,921.3674634,4784.721857,4632.412172,892.3301725,1066.121316,4911.620138,4817.223837,1042.874707,1112.047,4924.682025,4877.171088,952.6638804,1059.924604,4974.817339,4914.184387,871.3912141,1044.119064,4764.609753,4704.45156,829.7524586,1070.738061,4933.143622,4868.29095,888.3641593,981.4003666,4905.080607,4749.398706,927.5111809,1102.696408,4962.122345,4759.959779,900.9495335,1051.214255,4801.058564,4657.082978,885.1797895,1066.144264,4830.587733,4614.796661,928.634155,1049.686163,4878.067461,4695.945524,904.5388678,1024.343307,4758.73291,4578.322986,1142,1267.681793,4942.94222,4762.044437,874,986,4563,4479,1018,1138,4935,4847
46,1088,968,4900,4900,903,830,4705,4685,883,883,4763.586086,4796.210325,676.5301572,895.5697919,4905.364487,4849.733507,650.4784773,793.6065146,4669.478094,4539.406344,759.6481538,875.8038633,4740.756971,4656.494609,773.6024506,919.3013961,4764.825924,4671.379958,903.0700317,1039.401473,4852.815669,4792.466563,1018.331011,1095.449407,4942.761742,4882.523911,908.5750035,1063.17762,4990.232894,4869.456198,871.3912141,1044.119064,4764.609753,4704.45156,829.7524586,1070.738061,4933.143622,4868.29095,827.0834585,979.9657781,4922.738397,4729.463686,1017.938585,1109.316338,4994.32864,4800.726061,952.5135532,1065.068324,4796.083801,4675.382151,950.4179993,1056.142112,4827.973209,4648.024385,928.634155,1049.686163,4878.067461,4695.945524,904.5388678,1024.343307,4758.73291,4578.322986,1142,1267.681793,4942.94222,4762.044437,874,986,4563,4479,1018,1138,4935,4847
47,1094,999,4859,4920,903,830,4705,4685,902,902,4733.154595,4769.250657,677.2990514,820.1352065,4934.189699,4833.199015,591.6196986,796.6750806,4638.267034,4530.671501,769.6418662,895.7032755,4725.415994,4653.176999,763.2885017,929.3862537,4727.838827,4667.337243,903.0700317,1039.401473,4852.815669,4792.466563,1024.524106,1104.146724,4970.514634,4919.314957,911.1382672,1088.787988,4956.061268,4835.641102,871.3912141,1044.119064,4764.609753,4704.45156,829.7524586,1070.738061,4933.143622,4868.29095,871.9281964,972.799939,4884.398639,4716.210562,1049.55811,1115.776697,4982.004115,4773.395411,935.8062341,1056.550312,4782.628293,4627.684171,985.6678228,1007.487421,4759.313456,4594.92638,977.0057256,998.7098648,4885.53009,4682.881641,904.5388678,1024.343307,4758.73291,4578.322986,1142,1267.681793,4942.94222,4762.044437,874,986,4563,4479,1018,1138,4935,4847
48,1102,1042,4786,4906,903,830,4705,4685,871,871,4773.836801,4799.624125,725.6730932,857.2190268,4888.016604,4828.220207,591.6196986,796.6750806,4638.267034,4530.671501,797.6954163,876.4880065,4682.922723,4602.798829,817.7966358,925.1287947,4690.977049,4570.35674,880.67442,1040.222247,4880.062327,4759.316714,1022.950049,1088.861252,4962.424804,4872.284062,921.3233877,1045.793423,4949.36194,4821.015638,871.3912141,1044.119064,4764.609753,4704.45156,829.7524586,1070.738061,4933.143622,4868.29095,859.8373056,980.306857,4923.981013,4738.262899,1049.55811,1115.776697,4982.004115,4773.395411,935.8062341,1056.550312,4782.628293,4627.684171,985.6678228,1007.487421,4759.313456,4594.92638,977.0057256,998.7098648,4885.53009,4682.881641,904.5388678,1024.343307,4758.73291,4578.322986,1142,1267.681793,4942.94222,4762.044437,874,986,4563,4479,1018,1138,4935,4847
49,1146,1098,603,636,903,830,4705,4685,817.8806819,936.5903362,4782.127735,4845.714438,743.9464881,890.6944777,4908.696414,4897.355127,597.5711207,839.8161555,4568.742896,4508.334774,767.3471327,871.2591638,4713.003442,4623.902714,783.9607387,943.0396684,4675.735018,4615.489482,880.67442,1040.222247,4880.062327,4759.316714,1050.495603,1096.824093,4957.17588,4900.640473,921.3233877,1045.793423,4949.36194,4821.015638,871.3912141,1044.119064,4764.609753,4704.45156,829.7524586,1070.738061,4933.143622,4868.29095,876.5817189,974.9106856,4900.842157,4720.072192,1017.572527,1163.167876,4911.095569,4790.545947,936.935736,1079.869541,4720,4720,843.1744246,1112.172775,4771.704857,4665.651185,905.7656817,1109.626631,4765.638599,4705.472586,904.5388678,1024.343307,4758.73291,4578.322986,1142,1267.681793,4942.94222,4762.044437,874,986,4563,4479,1018,1138,4935,4847
50,1151,1011,4814,4814,903,830,4705,4685,808.5253629,931.8096241,4790.066537,4885.321179,669.3103352,857.8684343,4928.100695,4813.830768,597.5711207,839.8161555,4568.742896,4508.334774,714.2856007,893.4342003,4709.095726,4660.002896,726.6230677,948.7870766,4675.797197,4615.399131,884.8022091,956.3075224,4831.825654,4771.447652,981.5842492,1096.698743,4931.820324,4871.409742,873.7331246,1073.041402,4834.792319,4850.273549,871.3912141,1044.119064,4764.609753,4704.45156,876.6161161,1152.17344,4947.465142,4823.712223,806.8575805,1025.956076,4809.514798,4704.413276,1017.572527,1163.167876,4911.095569,4790.545947,936.935736,1079.869541,4720,4720,867.2007584,1080.054469,4794.053553,4673.341655,905.7656817,1109.626631,4765.638599,4705.472586,903.2030901,1035.617218,4766.033888,4645.393207,1142,1267.681793,4942.94222,4762.044437,874,986,4563,4479,1018,1138,4935,4847
51,5231,5171,619,775,903,830,4705,4685,838.224847,855.0549614,4782.188858,4802.071796,776.501242,846.7068161,4856.772829,4782.438279,593.739007,786.0956663,4538,4538,762.9081774,881.4701427,4585.218253,4599.378479,726.6230677,948.7870766,4675.797197,4615.399131,884.8022091,956.3075224,4831.825654,4771.447652,967.9703195,1088.394554,4879.149154,4866.301754,873.7331246,1073.041402,4834.792319,4850.273549,871.3912141,1044.119064,4764.609753,4704.45156,876.6161161,1152.17344,4947.465142,4823.712223,806.8575805,1025.956076,4809.514798,4704.413276,1016.706614,1203.476399,4927.071161,4806.532762,804.4892886,1106.435461,4722.337865,4736.917887,877.394817,1051.649379,4748.180261,4730.230747,908.2548669,1051.248503,4807.109504,4686.246919,903.2030901,1035.617218,4766.033888,4645.393207,1142,1267.681793,4942.94222,4762.044437,874,986,4563,4479,1018,1138,4935,4847
52,1138,997,4805,4805,903,830,4705,4685,866.3322056,917.0781905,4817.059411,4771.054529,731.8290566,851.667335,4867.020768,4829.2942,617.3822884,768.3879932,4597.927816,4519.23268,779.5941981,938.1624443,4662.342694,4621.109846,726.6230677,948.7870766,4675.797197,4615.399131,884.8022091,956.3075224,4831.825654,4771.447652,967.4703579,1110.850869,4930.894496,4870.287946,925.8497145,1078.808952,4979.804033,4919.586562,871.3912141,1044.119064,4764.609753,4704.45156,876.6161161,1152.17344,4947.465142,4823.712223,806.8575805,1025.956076,4809.514798,4704.413276,1016.706614,1203.476399,4927.071161,4806.532762,821.2998566,1037.914992,4732.791408,4672.467314,853.9334541,1068.780714,4778.990957,4658.412556,908.2548669,1051.248503,4807.109504,4686.246919,903.2030901,1035.617218,4766.033888,4645.393207,1142,1267.681793,4942.94222,4762.044437,874,986,4563,4479,1018,1138,4935,4847
53,1154,1017,4806,4806,903,830,4705,4685,827.645888,905.968231,4824.448504,4838.734253,726.4369035,826.8298198,4891.346097,4798.718921,617.3822884,768.3879932,4597.927816,4519.23268,776.5175385,876.5290316,4717.351038,4635.785113,773.938713,942.2911958,4590.744567,4598.246198,914.8137702,1062.996141,4759,4759,1025.071018,1149.490857,4930.739183,4870.547024,945.4539883,1113.123641,4943.861594,4883.384521,884.6549144,1061.744213,4754.688384,4694.533,876.6161161,1152.17344,4947.465142,4823.712223,882.0067792,1021.253943,4829.949482,4709.553929,1056.412012,1182.834968,4932.159698,4811.598239,856.4057953,1074.080118,4695,4695,914.5862074,1073.084151,4785.636467,4688.752794,822.7384712,1120.32683,4811.253244,4703.813961,801.5959825,1088.016977,4805.089043,4616.693434,1142,1267.681793,4942.94222,4762.044437,874,986,4563,4479,1018,1138,4935,4847
54,1132,1023,4788,4788,903,830,4705,4685,880,880,4816.776635,4835.352073,777,777,4898.441995,4788.516448,617.3822884,768.3879932,4597.927816,4519.23268,781.0403036,905.9645783,4604.562155,4611.270851,773.938713,942.2911958,4590.744567,4598.246198,914.8137702,1062.996141,4759,4759,1028.809617,1155.596236,4864.188235,4866.773872,948.3276136,1100.202801,4884.487836,4861.951906,884.6549144,1061.744213,4754.688384,4694.533,783.996417,1086.314619,4923.416902,4809.461722,882.0067792,1021.253943,4829.949482,4709.553929,936.7758449,1244.735424,4913.895651,4853.387642,883.1079301,1034.888055,4671.115615,4657.770864,933.0228103,1079.77676,4752.4285,4658.430658,925.1231009,1106.285241,4797.778421,4697.507062,801.5959825,1088.016977,4805.089043,4616.693434,1142,1267.681793,4942.94222,4762.044437,874,986,4563,4479,1018,1138,4935,4847
55,1107,1002,4829,4890,903,830,4705,4685,860.691293,866.5639182,4800.830565,4798.861475,807,807,4840.225544,4826.851312,601.4748765,784.0745721,4516,4516,688.2659313,942.1699507,4625.514261,4605.680104,773.938713,942.2911958,4590.744567,4598.246198,914.8137702,1062.996141,4759,4759,1019.974124,1124.055126,4837.662352,4857.68578,915.4729575,1074.270704,4849.474879,4817.974414,902.243553,1030.047051,4717,4717,783.996417,1086.314619,4923.416902,4809.461722,886.5887583,956.9906027,4854.244189,4771.965265,1022.952301,1190.227068,4902.222701,4788.442249,749.305161,990.9917224,4787.895636,4603.919498,938.7235035,999.1212858,4739.104016,4679.379408,925.1231009,1106.285241,4797.778421,4697.507062,801.5959825,1088.016977,4805.089043,4616.693434,1142,1267.681793,4942.94222,4762.044437,874,986,4563,4479,1018,1138,4935,4847
56,1091,923,4854,4907,903,830,4705,4685,840.3975323,921.7494635,4825.3075,4805.517728,696.6631682,870.9792887,4896.591379,4854.302778,646.3812757,846.7534009,4549.062026,4528.360391,715.3446161,953.2538493,4612.917719,4636.352999,786.2652322,953.7777788,4668.645556,4621.753479,868.4199588,1015.348156,4778.762816,4738.667366,939.688421,1156.305681,4872,4872,921.7581503,1120.677077,4911.696158,4851.546798,902.243553,1030.047051,4717,4717,783.996417,1086.314619,4923.416902,4809.461722,903.6049959,1010.54834,4848.998977,4755.086101,968.799643,1190.51314,5010.294278,4829.018927,792.7024911,1042.534654,4676,4676,934,1077.220116,4841.94112,4660.558249,925.1231009,1106.285241,4797.778421,4697.507062,801.5959825,1088.016977,4805.089043,4616.693434,1142,1267.681793,4942.94222,4762.044437,874,986,4563,4479,1018,1138,4935,4847
57,1152,1102,590,580,903,830,4705,4685,854.8194288,910.0649001,4811.662548,4821.768448,727.6708992,824.7740986,4858.694093,4802.591662,646.3812757,846.7534009,4549.062026,4528.360391,795.9719583,923.9726908,4640.135811,4671.569686,786.2652322,953.7777788,4668.645556,4621.753479,868.4199588,1015.348156,4778.762816,4738.667366,1017.499078,1143.754658,4861.645822,4922.893635,935.5083119,1099.57242,4854,4854,851.8572065,972.4346558,4794.32849,4738.943801,956.0261784,1137.276404,4867.953339,4801.78615,903.6049959,1010.54834,4848.998977,4755.086101,968.799643,1190.51314,5010.294278,4829.018927,781.2107435,1083.313131,4708.226772,4635.400243,934,1077.220116,4841.94112,4660.558249,925.1231009,1106.285241,4797.778421,4697.507062,801.5959825,1088.016977,4805.089043,4616.693434,1142,1267.681793,4942.94222,4762.044437,874,986,4563,4479,1018,1138,4935,4847
58,1116,996,4751,4811,903,830,4705,4685,859.1144804,931.0852293,4797.723598,4759.014294,706.234913,856.682449,4944.789469,4784.482714,646.3812757,846.7534009,4549.062026,4528.360391,759.5596772,919.0126763,4733.045238,4691.053085,779.1640399,954.6814279,4654.478753,4604.215039,868.4199588,1015.348156,4778.762816,4738.667366,1003.113416,1095.894885,4961.20062,4872.230105,964.9097317,1085.605819,4871.287408,4856.212899,851.8572065,972.4346558,4794.32849,4738.943801,956.0261784,1137.276404,4867.953339,4801.78615,911.1576491,1034.681022,4800.780088,4724.850988,968.799643,1190.51314,5010.294278,4829.018927,828.5124414,1069.927567,4730.539881,4668.366968,934,1077.220116,4841.94112,4660.558249,925.1231009,1106.285241,4797.778421,4697.507062,801.5959825,1088.016977,4805.089043,4616.693434,1142,1267.681793,4942.94222,4762.044437,874,986,4563,4479,1018,1138,4935,4847
59,1130,994,4857,4917,903,830,4705,4685,836.6876563,906.2530528,4792.862686,4791.771929,705.2971221,827.7784822,4921.486234,4768.949439,646.3812757,846.7534009,4549.062026,4528.360391,728.1045696,911.7803796,4658.379514,4667.900785,779.1640399,954.6814279,4654.478753,4604.215039,868.4199588,1015.348156,4778.762816,4738.667366,1003.113416,1095.894885,4961.20062,4872.230105,964.9097317,1085.605819,4871.287408,4856.212899,851.8572065,972.4346558,4794.32849,4738.943801,956.0261784,1137.276404,4867.953339,4801.78615,911.1576491,1034.681022,4800.780088,4724.850988,968.799643,1190.51314,5010.294278,4829.018927,828.5124414,1069.927567,4730.539881,4668.366968,934,1077.220116,4841.94112,4660.558249,925.1231009,1106.285241,4797.778421,4697.507062,801.5959825,1088.016977,4805.089043,4616.693434,1142,1267.681793,4942.94222,4762.044437,874,986,4563,4479,1018,1138,4935,4847
60,1146,995,4837,4837,903,830,4705,4685,859.1203915,888.5626946,4761.741531,4746.014529,733.7359921,825.6655885,4888.484982,4749.900874,626.6573987,834.3498578,4573.876776,4519.273972,785.4489745,919.1077511,4622.329872,4622.224969,771.9184223,971.7749903,4622.430912,4602.367255,913.6604867,1034.701383,4823.334625,4802.170316,1012.36484,1138.753207,4832.55444,4863.166998,934.695503,1080.874636,4914.749342,4861.007779,856.662586,1071.978815,4746.761866,4709.143412,956.0261784,1137.276404,4867.953339,4801.78615,881.341278,1029.115789,4794.932022,4749.302001,968.799643,1190.51314,5010.294278,4829.018927,784.409206,1086.244866,4716.482895,4677.827194,934,1077.220116,4841.94112,4660.558249,925.1231009,1106.285241,4797.778421,4697.507062,801.5959825,1088.016977,4805.089043,4616.693434,1142,1267.681793,4942.94222,4762.044437,874,986,4563,4479,1018,1138,4935,4847
